130,thing1
200,thing2
310,otherthing
40,yetanother
46, goats
78, llamas
50, hamsters
40,yetanother
46, goats
78, llamas
50, hamsters
40,yetanother
46, goats
78, llamas
50, hamsters
40,yetanother
46, goats
78, llamas
50, hamsters
40,yetanother
46, goats
78, llamas
50, hamsters
40,yetanother
46, goats
78, llamas
50, hamsters
40,yetanother
46, goats
78, llamas
50, hamsters
40,yetanother
46, goats
78, llamas
50, hamsters
40,yetanother
46, goats
78, llamas
50, hamsters
40,yetanother
46, goats
78, llamas
50, hamsters
40,yetanother
46, goats
78, llamas
50, hamsters
40,yetanother
46, goats
78, llamas
50, hamsters
130,thing1
200,thing2
310,otherthing
40,yetanother
46, goats
78, llamas
50, hamsters
40,yetanother
46, goats
78, llamas
50, hamsters
40,yetanother
46, goats
78, llamas
50, hamsters
40,yetanother
46, goats
78, llamas
50, hamsters
40,yetanother
46, goats
78, llamas
50, hamsters
40,yetanother
46, goats
78, llamas
50, hamsters
40,yetanother
46, goats
78, llamas
50, hamsters
40,yetanother
46, goats
78, llamas
50, hamsters
40,yetanother
46, goats
78, llamas
50, hamsters
40,yetanother
46, goats
78, llamas
50, hamsters
40,yetanother
46, goats
78, llamas
50, hamsters
40,yetanother
46, goats